{"loss": [1.4388864040374756, 0.6881330013275146, 0.45890408754348755, 0.3249674141407013, 0.23833274841308594, 0.18599247932434082, 0.15545544028282166, 0.12236145883798599, 0.09557846188545227, 0.09593211859464645], "accuracy": [0.5352189540863037, 0.7689419388771057, 0.8448913097381592, 0.8901338577270508, 0.9205378293991089, 0.9365877509117126, 0.9472472667694092, 0.9586942195892334, 0.9674762487411499, 0.9680818915367126], "val_loss": [0.6741938591003418, 0.6236297488212585, 0.5073680281639099, 0.2995864450931549, 0.23836563527584076, 0.26592424511909485, 0.21623729169368744, 0.19728711247444153, 0.22214044630527496, 0.26375386118888855], "val_accuracy": [0.7620547413825989, 0.7819238901138306, 0.8337775468826294, 0.8977465629577637, 0.9171310663223267, 0.9081657528877258, 0.9273079633712769, 0.9345771670341492, 0.9273079633712769, 0.923915684223175]}